-6.700000000000000000e+01,4.000000000000000000e+00,2.939763084631435596e-10,-3.579994403135811157e+11
6.700000000000000000e+01,9.800000000000000000e+01,1.027219047481571286e-09,4.181821889203919411e+09
7.800000000000000000e+01,3.700000000000000000e+01,2.661597369501875620e-09,4.976573107032327652e+09
-7.000000000000000000e+01,7.200000000000000000e+01,1.031539825625264877e-09,-5.921877401366845131e+09
-1.600000000000000000e+01,1.300000000000000000e+01,1.791556216273783705e-10,-4.316443479168046570e+10
-9.700000000000000000e+01,6.400000000000000000e+01,6.752763194111758383e-10,-1.410230517115991592e+10
2.800000000000000000e+01,7.100000000000000000e+01,2.868444147965501567e-10,8.638396872906215668e+09
8.100000000000000000e+01,5.100000000000000000e+01,1.400057792179258403e-10,7.127689099755641174e+10
-5.500000000000000000e+01,4.300000000000000000e+01,7.642158773837405536e-10,-1.051618084298557854e+10
7.800000000000000000e+01,2.400000000000000000e+01,2.797671986896862425e-09,7.299051620052004814e+09
-1.300000000000000000e+01,5.200000000000000000e+01,6.167610754746118125e-10,-2.546847376167720795e+09
5.700000000000000000e+01,2.700000000000000000e+01,1.817493860214703131e-10,7.298237757782548523e+10
-8.000000000000000000e+00,3.100000000000000000e+01,3.916979863496056989e-09,-4.139585171620265245e+08
2.600000000000000000e+01,7.900000000000000000e+01,4.910420443644317464e-10,4.211215303690888405e+09
-3.800000000000000000e+01,3.000000000000000000e+01,4.996596950258616935e-09,-1.592824369930860996e+09
9.600000000000000000e+01,6.800000000000000000e+01,1.548424090457657046e-09,5.728649736115221977e+09
-5.600000000000000000e+01,8.100000000000000000e+01,4.878505718137525406e-09,-8.904223616242539883e+08
-2.100000000000000000e+01,4.000000000000000000e+01,4.035895994471437933e-09,-8.173333234523289204e+08
-7.500000000000000000e+01,2.000000000000000000e+01,4.085766531973720663e-10,-5.766835847701098633e+10
7.000000000000000000e+01,9.000000000000000000e+01,3.174676639096118926e-10,1.539344777796174812e+10
-4.100000000000000000e+01,7.000000000000000000e+00,1.419377903746763250e-10,-2.592791803007929688e+11
-2.000000000000000000e+00,5.700000000000000000e+01,1.025616130634179598e-10,-2.149562938531959057e+09
-6.100000000000000000e+01,1.400000000000000000e+01,1.543814074573091852e-10,-1.773318201471438293e+11
8.400000000000000000e+01,5.000000000000000000e+01,9.791365269524957714e-09,1.078067360934419870e+09
9.200000000000000000e+01,1.000000000000000000e+01,3.212773564159743647e-09,1.799233704824459839e+10
8.200000000000000000e+01,7.700000000000000000e+01,2.618210643337944421e-10,2.555632553907037354e+10
-2.800000000000000000e+01,5.000000000000000000e+00,4.340490535677941282e-09,-8.106419638744818687e+09
5.000000000000000000e+01,3.500000000000000000e+01,1.173891168073360858e-10,7.646346828716926575e+10
9.500000000000000000e+01,6.600000000000000000e+01,1.574826911300022814e-10,5.742839918691458130e+10
-6.100000000000000000e+01,8.600000000000000000e+01,1.798838774974064617e-10,-2.477530511596621323e+10
-3.900000000000000000e+01,8.200000000000000000e+01,2.855256218038273593e-10,-1.046611583431425667e+10
-7.200000000000000000e+01,7.600000000000000000e+01,3.217988399334678653e-09,-1.849755376642905474e+09
7.000000000000000000e+01,6.300000000000000000e+01,2.750032990907464019e-09,2.538630275003938198e+09
8.100000000000000000e+01,2.300000000000000000e+01,1.247443332418590635e-09,1.773847275063399887e+10
7.800000000000000000e+01,5.500000000000000000e+01,1.955954112115360313e-10,4.555679045697206116e+10
2.100000000000000000e+01,6.000000000000000000e+01,1.371153326748546688e-09,1.603843140378528118e+09
-5.000000000000000000e+00,4.500000000000000000e+01,5.670006783177398092e-09,-1.231271367909207195e+08
7.000000000000000000e+01,4.400000000000000000e+01,4.654919048237258259e-09,2.147400743487417936e+09
3.400000000000000000e+01,9.300000000000000000e+01,4.463080603470660471e-09,5.146845202868828773e+08
5.700000000000000000e+01,8.600000000000000000e+01,9.800870694027258122e-10,4.249047766644916534e+09
7.700000000000000000e+01,6.800000000000000000e+01,2.822761589868960044e-10,2.520504525807961273e+10
-7.000000000000000000e+00,3.900000000000000000e+01,2.020587993865356158e-09,-5.581302137817711830e+08
2.400000000000000000e+01,5.600000000000000000e+01,4.374531241685561580e-09,6.155616577650496960e+08
-1.000000000000000000e+01,7.500000000000000000e+01,1.768510027583325724e-10,-4.737083917483222008e+09
5.400000000000000000e+01,1.800000000000000000e+01,2.498078061197562481e-09,7.545623259067573547e+09
-6.000000000000000000e+00,8.400000000000000000e+01,1.412592198988683252e-09,-3.177130319947512746e+08
1.000000000000000000e+00,3.900000000000000000e+01,1.726219860822817294e-09,9.332954580415622890e+07
-5.800000000000000000e+01,4.900000000000000000e+01,1.524513022337094030e-10,-4.878436354682011414e+10
-5.300000000000000000e+01,6.000000000000000000e+00,5.133779649781169287e-09,-1.081103475405015945e+10
-6.700000000000000000e+01,8.400000000000000000e+01,5.014195243176848154e-09,-9.994800835779538155e+08
-2.900000000000000000e+01,8.000000000000000000e+00,1.048736986844870433e-10,-2.171807328646750183e+11
-6.500000000000000000e+01,5.800000000000000000e+01,5.815877353455238846e-10,-1.210737494507871628e+10
-6.100000000000000000e+01,7.000000000000000000e+01,5.744651953559220461e-10,-9.531207879119865417e+09
-9.000000000000000000e+00,1.000000000000000000e+01,1.516872055616457136e-10,-3.727978741202064514e+10
-9.700000000000000000e+01,8.900000000000000000e+01,2.689935163984945771e-10,-2.545773630768024826e+10
6.000000000000000000e+00,6.100000000000000000e+01,6.147261652591473972e-10,1.005355330328523993e+09
-7.100000000000000000e+01,8.900000000000000000e+01,5.415339981954091516e-10,-9.255981609469959259e+09
3.300000000000000000e+01,3.200000000000000000e+01,5.710226702417302599e-10,1.134724624030421638e+10
4.100000000000000000e+01,3.000000000000000000e+00,4.538799001133455580e-09,1.891914561025438690e+10
-7.000000000000000000e+01,9.800000000000000000e+01,6.001907339065824555e-10,-7.477605453713678360e+09
8.400000000000000000e+01,3.900000000000000000e+01,6.692456690978726518e-09,2.022129560586264372e+09
5.500000000000000000e+01,7.800000000000000000e+01,9.050325684381427951e-10,4.895349993630935669e+09
9.100000000000000000e+01,7.300000000000000000e+01,1.560776445904741870e-09,5.018312453794692039e+09
7.700000000000000000e+01,1.200000000000000000e+01,1.962122369941558298e-09,2.054770198775617218e+10
-4.000000000000000000e+00,7.300000000000000000e+01,8.605684259429617770e-10,-4.000659518080184460e+08
-6.800000000000000000e+01,7.800000000000000000e+01,1.776089361761948997e-10,-3.084106491073181152e+10
-9.300000000000000000e+01,9.800000000000000000e+01,5.176369571800062401e-10,-1.151891213626846123e+10
-6.500000000000000000e+01,7.600000000000000000e+01,6.295803327222324050e-10,-8.535490434112889290e+09
6.900000000000000000e+01,2.900000000000000000e+01,2.678327419635964304e-09,5.581710320492864609e+09
9.700000000000000000e+01,1.000000000000000000e+00,4.122338221218511887e-09,1.478454561683850403e+11
-7.300000000000000000e+01,6.200000000000000000e+01,5.826818553192399245e-09,-1.269636925052052498e+09
-6.000000000000000000e+00,8.500000000000000000e+01,1.381317841084852168e-10,-3.210839313502292156e+09
9.700000000000000000e+01,7.800000000000000000e+01,2.765970899064925248e-09,2.824941075021373749e+09
5.900000000000000000e+01,6.900000000000000000e+01,3.295979848207277907e-09,1.630039923892096519e+09
9.000000000000000000e+01,4.900000000000000000e+01,2.227588440249609853e-09,5.180734570729439735e+09
-8.900000000000000000e+01,5.000000000000000000e+00,5.941839641157690425e-10,-1.882257099183611145e+11
-2.600000000000000000e+01,6.400000000000000000e+01,2.443541874471077761e-10,-1.044608262174440384e+10
-7.600000000000000000e+01,9.900000000000000000e+01,1.876724195806102274e-09,-2.570146107834445477e+09
-5.700000000000000000e+01,6.600000000000000000e+01,1.577730580121209038e-09,-3.439362448263584137e+09
9.200000000000000000e+01,1.900000000000000000e+01,2.277470258509670929e-10,1.335861337008166046e+11
-5.000000000000000000e+00,5.300000000000000000e+01,2.439112003546507598e-09,-2.430201360184058547e+08
-1.000000000000000000e+01,7.900000000000000000e+01,1.941777961495178071e-09,-4.095936446249487400e+08
-4.700000000000000000e+01,9.200000000000000000e+01,8.845918414097299105e-09,-3.628665782112231255e+08
-4.100000000000000000e+01,3.500000000000000000e+01,2.632786279836570553e-09,-2.795632461616770744e+09
-9.000000000000000000e+01,1.300000000000000000e+01,4.405483818785777472e-10,-9.873824758602792358e+10
6.200000000000000000e+01,2.000000000000000000e+01,2.033916229903816680e-10,9.576537207325308228e+10
-3.800000000000000000e+01,5.400000000000000000e+01,7.131322544952443529e-09,-6.200113294340486526e+08
-6.000000000000000000e+00,8.600000000000000000e+01,1.096254299247986261e-09,-3.998723342913135290e+08
-4.300000000000000000e+01,9.800000000000000000e+01,5.228823634557033515e-09,-5.272520229300231338e+08
-5.800000000000000000e+01,8.900000000000000000e+01,7.827617368346822235e-10,-5.231042723655363083e+09
2.900000000000000000e+01,3.800000000000000000e+01,1.469996412095343642e-10,3.261955220988407135e+10
-9.500000000000000000e+01,3.600000000000000000e+01,8.319039243577437215e-09,-1.993094083159531116e+09
-9.900000000000000000e+01,7.600000000000000000e+01,1.757762611394092342e-09,-4.656303157466146469e+09
-7.200000000000000000e+01,9.800000000000000000e+01,5.383334467051672613e-10,-8.575015735984104156e+09
-3.700000000000000000e+01,4.100000000000000000e+01,1.857465320731667757e-09,-3.052650057789899826e+09
-3.800000000000000000e+01,4.600000000000000000e+01,1.597203613874068479e-10,-3.249715554474906540e+10
3.800000000000000000e+01,4.200000000000000000e+01,1.337703784227529991e-09,4.249660331026536465e+09
7.000000000000000000e+00,6.200000000000000000e+01,1.953817902779242210e-10,3.630798389712721348e+09
-9.200000000000000000e+01,7.300000000000000000e+01,1.439092377624676523e-09,-5.502450732696175575e+09
1.100000000000000000e+01,7.900000000000000000e+01,5.945692237930969639e-10,1.471441622810568571e+09
6.000000000000000000e+00,8.700000000000000000e+01,1.190661806970098886e-10,3.639346807770385742e+09
-2.500000000000000000e+01,4.000000000000000000e+01,2.893662284308477689e-09,-1.357100598187361479e+09
6.500000000000000000e+01,9.200000000000000000e+01,6.785479337620904046e-10,6.542215795861184120e+09
-7.000000000000000000e+01,9.400000000000000000e+01,9.869463667085045680e-10,-4.740853140324880600e+09
5.000000000000000000e+00,8.800000000000000000e+01,4.079665995622563717e-10,8.750695904118485451e+08
9.000000000000000000e+01,8.000000000000000000e+00,1.120670186925663350e-09,6.307460975622357941e+10
8.000000000000000000e+01,3.100000000000000000e+01,4.513962401081046615e-10,3.592114935777976990e+10
8.400000000000000000e+01,8.900000000000000000e+01,6.023497626193471698e-09,9.845106176826967001e+08
6.000000000000000000e+00,3.700000000000000000e+01,7.122951417586503088e-09,1.430439230797121823e+08
7.900000000000000000e+01,7.500000000000000000e+01,1.821825057560269528e-10,3.632779391247093964e+10
2.600000000000000000e+01,6.300000000000000000e+01,7.404756568090511252e-09,3.501885010153257847e+08
3.800000000000000000e+01,6.000000000000000000e+00,1.848326750460661240e-10,2.152947628743289795e+11
5.700000000000000000e+01,3.500000000000000000e+01,1.240888846163759697e-10,8.246198765769287109e+10
-4.500000000000000000e+01,7.900000000000000000e+01,2.254381532736397649e-09,-1.587588238008314371e+09
8.100000000000000000e+01,4.200000000000000000e+01,3.717489725126653311e-10,3.259611339862816620e+10
-1.300000000000000000e+01,8.900000000000000000e+01,2.269594125858940769e-10,-4.043756678420251369e+09
-7.700000000000000000e+01,3.400000000000000000e+01,1.174225900148441411e-09,-1.211825316004725266e+10
-6.700000000000000000e+01,3.500000000000000000e+01,4.066581440332640175e-10,-2.957720643302774429e+10
1.200000000000000000e+01,4.900000000000000000e+01,2.637719465213022853e-09,5.833597087159738541e+08
-8.200000000000000000e+01,3.300000000000000000e+01,4.677936866224809303e-10,-3.337531894304352570e+10
-9.200000000000000000e+01,2.800000000000000000e+01,4.254367034196986698e-10,-4.852602410099008179e+10
-9.200000000000000000e+01,4.300000000000000000e+01,8.946835626487366428e-10,-1.502552936794195938e+10
3.600000000000000000e+01,7.400000000000000000e+01,9.950433860647487378e-10,3.071911021007892132e+09
8.200000000000000000e+01,7.900000000000000000e+01,4.425881889898214666e-10,1.473556557339566994e+10
1.000000000000000000e+00,2.200000000000000000e+01,1.182721679358813909e-09,2.414763651743983626e+08
6.600000000000000000e+01,3.100000000000000000e+01,1.369398009874206791e-10,9.768602046976225281e+10
5.600000000000000000e+01,3.300000000000000000e+01,8.337080505703043339e-10,1.278909932491993523e+10
6.300000000000000000e+01,6.800000000000000000e+01,2.402260487095393584e-09,2.423211978386451244e+09
5.600000000000000000e+01,1.000000000000000000e+01,3.095842367872993918e-09,1.136551333664323425e+10
9.100000000000000000e+01,5.200000000000000000e+01,1.241710467042357942e-10,8.855183699751472473e+10
5.100000000000000000e+01,5.200000000000000000e+01,1.308359988606215325e-09,4.709984158922315598e+09
2.400000000000000000e+01,5.800000000000000000e+01,1.412885219248057900e-10,1.840162748097927856e+10
7.000000000000000000e+00,6.100000000000000000e+01,2.562476545419349490e-10,2.813767275439853668e+09
5.300000000000000000e+01,1.700000000000000000e+01,3.289397049091261990e-09,5.955120011548406601e+09
-8.000000000000000000e+01,9.500000000000000000e+01,2.611875606472970490e-10,-2.025786910930759811e+10
8.200000000000000000e+01,5.300000000000000000e+01,2.182722567218591396e-10,4.453683107601663971e+10
-5.000000000000000000e+01,8.500000000000000000e+01,5.618822008557200867e-09,-6.577875845747814178e+08
6.900000000000000000e+01,1.900000000000000000e+01,5.201120944165539471e-10,4.387108803836677551e+10
-3.900000000000000000e+01,3.400000000000000000e+01,2.082973947695980905e-10,-3.460044785698213196e+10
9.300000000000000000e+01,9.800000000000000000e+01,9.293266874291363820e-09,6.416058754039081335e+08
6.700000000000000000e+01,1.700000000000000000e+01,1.979011420749381682e-09,1.251288488452733231e+10
4.300000000000000000e+01,7.500000000000000000e+01,6.891347582228411918e-09,5.227365958736655712e+08
-2.900000000000000000e+01,4.500000000000000000e+01,1.093763660258749461e-09,-3.702046439967608929e+09
-1.400000000000000000e+01,4.100000000000000000e+01,1.832541592265508537e-10,-1.170766283736162376e+10
4.500000000000000000e+01,4.000000000000000000e+01,2.570611243879682855e-09,2.749767584424320698e+09
5.100000000000000000e+01,8.600000000000000000e+01,1.443538200295900502e-09,2.581209840503183365e+09
-1.200000000000000000e+01,4.000000000000000000e+01,1.229054918884356907e-09,-1.533662624177035093e+09
-1.700000000000000000e+01,1.400000000000000000e+01,6.268745081166780329e-10,-1.217082854691229630e+10
5.100000000000000000e+01,1.100000000000000000e+01,1.402692594735253475e-10,2.076800860579147339e+11
-6.600000000000000000e+01,2.400000000000000000e+01,1.449904512746009996e-10,-1.191717071217275848e+11
-5.700000000000000000e+01,4.700000000000000000e+01,9.344614334999733680e-09,-8.154465204986532927e+08
-5.200000000000000000e+01,8.600000000000000000e+01,9.483249470900090193e-10,-4.006153495880746841e+09
-9.100000000000000000e+01,7.000000000000000000e+00,4.713056482613929502e-09,-1.733087844260948181e+10
5.000000000000000000e+01,1.600000000000000000e+01,5.994222363793115461e-09,3.275646596552234173e+09
-6.600000000000000000e+01,1.300000000000000000e+01,9.981156020476508917e-09,-3.195947284779659748e+09
-7.400000000000000000e+01,7.900000000000000000e+01,9.636905824539467898e-10,-6.107266645734019279e+09
-6.700000000000000000e+01,5.200000000000000000e+01,2.123187587915556403e-10,-3.812966246319976044e+10
-2.300000000000000000e+01,2.100000000000000000e+01,6.939033480928377855e-10,-9.917208105101497650e+09
6.000000000000000000e+01,7.700000000000000000e+01,3.631376371551372779e-09,1.348245967948895216e+09
3.600000000000000000e+01,6.700000000000000000e+01,4.371105396553717203e-10,7.723538007585003853e+09
5.600000000000000000e+01,4.100000000000000000e+01,3.890888021519159238e-10,2.205643439649500275e+10
3.800000000000000000e+01,1.200000000000000000e+01,4.588826369804960246e-09,4.335913340207951546e+09
-8.800000000000000000e+01,3.100000000000000000e+01,4.684714522736797078e-10,-3.807305407820233154e+10
-7.200000000000000000e+01,2.100000000000000000e+01,5.233344628486974774e-09,-4.116363655348240376e+09
-5.200000000000000000e+01,5.200000000000000000e+01,9.431928425478992616e-09,-6.661612582010767460e+08
-3.700000000000000000e+01,9.100000000000000000e+01,1.124063205118336926e-10,-2.272738496083802414e+10
2.300000000000000000e+01,7.100000000000000000e+01,1.264998146240162769e-10,1.609012679824855614e+10
3.400000000000000000e+01,8.400000000000000000e+01,8.895170089171582950e-09,2.859072988387199640e+08
3.400000000000000000e+01,7.000000000000000000e+00,1.054431080408133732e-10,2.894293349458145142e+11
-1.500000000000000000e+01,3.200000000000000000e+01,3.239111245152588001e-09,-9.092750726447144747e+08
4.000000000000000000e+01,7.800000000000000000e+01,8.735370212042610545e-10,3.688620210889384747e+09
-1.600000000000000000e+01,2.600000000000000000e+01,8.961672505523347272e-10,-4.314569151311755180e+09
-8.000000000000000000e+00,5.500000000000000000e+01,2.862399783303594047e-10,-3.192837940365203857e+09
6.000000000000000000e+01,8.500000000000000000e+01,3.130979774432951878e-10,1.416550073179762650e+10
8.800000000000000000e+01,8.600000000000000000e+01,3.996592406050344027e-10,1.608696920402860260e+10
-5.500000000000000000e+01,1.900000000000000000e+01,4.346280408076051902e-09,-4.184766348869445801e+09
-5.300000000000000000e+01,3.200000000000000000e+01,5.302731343049511263e-10,-1.962484046765147400e+10
6.200000000000000000e+01,9.100000000000000000e+01,8.132770241869297142e-09,5.263706462442207336e+08
-7.400000000000000000e+01,7.800000000000000000e+01,1.224563513229450145e-10,-4.867832996527674866e+10
-3.700000000000000000e+01,8.300000000000000000e+01,3.447808919873704880e-09,-8.123820355463153124e+08
-5.100000000000000000e+01,8.100000000000000000e+01,1.319078235543797845e-10,-2.999124336414281082e+10
-4.200000000000000000e+01,6.600000000000000000e+01,2.674806926118550477e-09,-1.494833369459489822e+09
4.000000000000000000e+00,3.500000000000000000e+01,4.799565778322240338e-10,1.496131846059497356e+09
-4.200000000000000000e+01,2.500000000000000000e+01,7.401779063448721119e-10,-1.426110023762780380e+10
9.000000000000000000e+00,5.300000000000000000e+01,4.955989557442755285e-10,2.152861670090638638e+09
1.100000000000000000e+01,8.600000000000000000e+01,6.527663321968887224e-09,1.231165268986985832e+08
-9.300000000000000000e+01,7.700000000000000000e+01,3.812239180616925494e-09,-1.990636446084140778e+09
-7.800000000000000000e+01,3.100000000000000000e+01,8.309816565621405016e-09,-1.902485432934421062e+09
3.000000000000000000e+01,1.100000000000000000e+01,9.093629653198577407e-10,1.884391665614425659e+10
-9.300000000000000000e+01,5.700000000000000000e+01,7.195368345736743622e-10,-1.424737744758101082e+10
-6.500000000000000000e+01,9.100000000000000000e+01,9.292109560304355093e-09,-4.829893014069536328e+08
5.700000000000000000e+01,5.300000000000000000e+01,5.199839568176726894e-09,1.299537780593834162e+09
-8.300000000000000000e+01,6.700000000000000000e+01,5.252679316630373866e-10,-1.481843265292160034e+10
9.100000000000000000e+01,5.600000000000000000e+01,4.805294449658412696e-09,2.124776375543984652e+09
-7.600000000000000000e+01,2.300000000000000000e+01,3.773783156886440667e-09,-5.501595838328431129e+09
-2.300000000000000000e+01,9.500000000000000000e+01,5.873615207035609257e-10,-2.589873831779782295e+09
-9.000000000000000000e+00,3.300000000000000000e+01,2.724720338143889776e-09,-6.289071097969932556e+08
-9.600000000000000000e+01,4.300000000000000000e+01,1.240287111257440897e-10,-1.130994297403299561e+11
-2.200000000000000000e+01,7.100000000000000000e+01,1.756558477437756853e-10,-1.108361898881098747e+10
2.900000000000000000e+01,9.000000000000000000e+01,2.884390439414590631e-10,7.019098054992606163e+09
8.200000000000000000e+01,9.300000000000000000e+01,4.781929171480228614e-09,1.158530930264027119e+09
4.100000000000000000e+01,2.900000000000000000e+01,1.613973529813092925e-09,5.503884599648142815e+09
-2.600000000000000000e+01,1.500000000000000000e+01,2.888291064087295994e-10,-3.770691488770069885e+10
5.000000000000000000e+00,8.800000000000000000e+01,1.522512295665134003e-09,2.344803166431555450e+08
-1.300000000000000000e+01,5.000000000000000000e+01,1.824662755361364866e-10,-8.953041733693748474e+09
-3.800000000000000000e+01,9.000000000000000000e+01,1.374765410406681719e-09,-1.929711384174702406e+09
-7.800000000000000000e+01,3.900000000000000000e+01,1.378008002620428062e-10,-9.119229054158531189e+10
1.600000000000000000e+01,5.000000000000000000e+01,4.995229029611524497e-09,4.025079303428519964e+08
-8.200000000000000000e+01,2.200000000000000000e+01,3.836695611905525088e-10,-6.103988328701395416e+10
-5.400000000000000000e+01,5.300000000000000000e+01,5.632635979303413609e-10,-1.136543528975661850e+10
-5.100000000000000000e+01,4.600000000000000000e+01,1.967314392150505621e-09,-3.540938987519026279e+09
-3.300000000000000000e+01,3.100000000000000000e+01,2.373653013260770723e-09,-2.817830602798541546e+09
-3.500000000000000000e+01,6.200000000000000000e+01,8.653339152422844646e-09,-4.098948839429537058e+08
6.500000000000000000e+01,9.000000000000000000e+01,1.004859871002100203e-10,4.515909318440454102e+10
-7.000000000000000000e+01,9.400000000000000000e+01,3.353993710054466017e-10,-1.395043696091565514e+10
7.000000000000000000e+00,4.000000000000000000e+01,1.540700207658672689e-09,7.136738369285817146e+08
-9.100000000000000000e+01,9.700000000000000000e+01,6.328967334299809532e-09,-9.313580491522972584e+08
2.700000000000000000e+01,2.000000000000000000e+01,3.196013485615580081e-09,2.654025148163189411e+09
8.000000000000000000e+01,2.200000000000000000e+01,5.939799640076651262e-10,3.846585399514803314e+10
8.000000000000000000e+00,9.000000000000000000e+00,8.645359209476532823e-09,6.460175304526211023e+08
9.800000000000000000e+01,7.300000000000000000e+01,5.867042989042804503e-10,1.437685238213283730e+10
3.600000000000000000e+01,8.900000000000000000e+01,2.966083656135351304e-09,8.568582186490782499e+08
7.800000000000000000e+01,2.700000000000000000e+01,1.191814841580462041e-09,1.523007063468892288e+10
4.800000000000000000e+01,6.000000000000000000e+00,2.797913475533814163e-09,1.796534556803853226e+10
-6.000000000000000000e+01,7.700000000000000000e+01,1.176496508608176476e-10,-4.161498580935951233e+10
6.200000000000000000e+01,1.200000000000000000e+01,2.230306971663870359e-09,1.455545111033578682e+10
-4.700000000000000000e+01,8.600000000000000000e+01,1.266282207158558926e-10,-2.711744515760966110e+10
-8.200000000000000000e+01,4.900000000000000000e+01,1.983417426552392777e-10,-5.301313847703012848e+10
-1.700000000000000000e+01,1.500000000000000000e+01,1.980346646592362370e-10,-3.595806502053602600e+10
8.100000000000000000e+01,8.700000000000000000e+01,5.229606742411852752e-10,1.118604604645396614e+10
2.000000000000000000e+01,2.300000000000000000e+01,1.464134324877444634e-09,3.731651737626464367e+09
6.100000000000000000e+01,6.200000000000000000e+01,1.456217235929404575e-09,4.245138332490096092e+09
6.000000000000000000e+01,8.200000000000000000e+01,7.326832640012835975e-10,6.274815994407490730e+09
3.600000000000000000e+01,6.000000000000000000e+00,3.379579637289254972e-10,1.115497070319544373e+11
7.500000000000000000e+01,3.300000000000000000e+01,1.263074140567670996e-09,1.130572319437115669e+10
7.000000000000000000e+01,3.200000000000000000e+01,2.075128206608340013e-09,6.623430694877290726e+09
-1.600000000000000000e+01,1.900000000000000000e+01,8.903705945457374927e-10,-5.942585535713673592e+09
-2.600000000000000000e+01,5.600000000000000000e+01,1.316891758061972974e-10,-2.215211053204948425e+10
4.300000000000000000e+01,9.200000000000000000e+01,9.283022889400823776e-09,3.163523575423731208e+08
8.600000000000000000e+01,8.600000000000000000e+01,5.458995496715039430e-10,1.150978290962229919e+10
5.000000000000000000e+00,4.100000000000000000e+01,7.160205959879914907e-10,1.070139762634017348e+09
5.900000000000000000e+01,6.100000000000000000e+01,1.188801730008250323e-10,5.112020851022969055e+10
-4.600000000000000000e+01,4.000000000000000000e+01,6.931471437956003677e-09,-1.042442887911152363e+09
7.500000000000000000e+01,3.500000000000000000e+01,2.739090499132255332e-09,4.915488743307392120e+09
-3.000000000000000000e+01,3.600000000000000000e+01,1.861906375570387837e-10,-2.812164899740978241e+10
-5.700000000000000000e+01,4.300000000000000000e+01,3.047666867200855236e-10,-2.732868751621834183e+10
9.000000000000000000e+00,1.700000000000000000e+01,6.081478496979937228e-10,5.469709747555471420e+09
3.500000000000000000e+01,1.000000000000000000e+01,1.851776498057922104e-10,1.187570346539773712e+11
-6.000000000000000000e+00,3.700000000000000000e+01,5.338461304091456363e-09,-1.908592863447147608e+08
2.100000000000000000e+01,2.000000000000000000e+00,1.034239804104277132e-09,6.378931217264762115e+10
4.200000000000000000e+01,3.500000000000000000e+01,1.863248542812880470e-09,4.046600437552416325e+09
7.700000000000000000e+01,6.000000000000000000e+01,5.153646192626583893e-09,1.564605105362158537e+09
6.900000000000000000e+01,1.400000000000000000e+01,3.779293605509200305e-09,8.193893043991952896e+09
5.700000000000000000e+01,9.000000000000000000e+00,3.825174564926299658e-10,1.040305645403595276e+11
3.200000000000000000e+01,3.000000000000000000e+01,4.851215522209306796e-10,1.381522691988340759e+10
7.700000000000000000e+01,1.000000000000000000e+00,2.487530753056300968e-10,1.944921758488418701e+12
4.000000000000000000e+00,5.100000000000000000e+01,1.177354271808881685e-10,4.185646235986339092e+09
-5.300000000000000000e+01,9.700000000000000000e+01,9.411500777887439216e-10,-3.647750462736005783e+09
-2.700000000000000000e+01,4.600000000000000000e+01,1.220858271518550222e-10,-3.020790110843347931e+10
7.300000000000000000e+01,1.600000000000000000e+01,4.689231348934971010e-09,6.113375696534525871e+09
-2.400000000000000000e+01,8.500000000000000000e+01,2.373529173792969280e-09,-7.474421932652788162e+08
5.400000000000000000e+01,1.300000000000000000e+01,5.822192568078281184e-10,4.482741650495623779e+10
-3.300000000000000000e+01,1.700000000000000000e+01,3.529908488745217426e-09,-3.455265630123554230e+09
9.000000000000000000e+00,8.500000000000000000e+01,8.079317177482664014e-09,8.234339977934734523e+07
-8.900000000000000000e+01,3.900000000000000000e+01,2.779569953253524411e-09,-5.158550181056420326e+09
5.400000000000000000e+01,6.900000000000000000e+01,2.546239474971531262e-09,1.931191274869265079e+09
-3.500000000000000000e+01,8.000000000000000000e+00,5.337822326671552102e-09,-5.149840897018328667e+09
-2.000000000000000000e+01,2.400000000000000000e+01,3.005161175471630627e-09,-1.742331758682211637e+09
8.000000000000000000e+00,6.700000000000000000e+01,1.228427662029917700e-10,6.107246723950827599e+09
2.300000000000000000e+01,1.100000000000000000e+01,3.403579383814332335e-10,3.859927387362764740e+10
8.800000000000000000e+01,7.500000000000000000e+01,4.324842762873315275e-10,1.704633246718569374e+10
4.100000000000000000e+01,1.700000000000000000e+01,1.156908530933979097e-09,1.309832554535727501e+10
1.000000000000000000e+00,9.700000000000000000e+01,8.702589774856354879e-09,7.443198856360265985e+06
1.800000000000000000e+01,3.400000000000000000e+01,4.356402918346409553e-10,7.635639503038984299e+09
-7.900000000000000000e+01,3.500000000000000000e+01,4.037702125200197643e-09,-3.512405421809608459e+09
-9.700000000000000000e+01,5.000000000000000000e+00,1.069067956807250879e-09,-1.140187526743549957e+11
6.900000000000000000e+01,9.300000000000000000e+01,2.557501660030668818e-09,1.822762504512837410e+09
8.700000000000000000e+01,9.900000000000000000e+01,1.377416413433571838e-10,4.008654924013508606e+10
-8.400000000000000000e+01,8.800000000000000000e+01,8.628240194367967544e-10,-6.951111512808774948e+09
1.400000000000000000e+01,3.700000000000000000e+01,2.497072245836610279e-10,9.520835736912939072e+09
9.500000000000000000e+01,2.900000000000000000e+01,1.564540363868085356e-09,1.315584365569395256e+10
-3.700000000000000000e+01,6.500000000000000000e+01,1.089171993175390910e-09,-3.283762737231309414e+09
1.500000000000000000e+01,7.000000000000000000e+00,1.677064672659301624e-09,8.028294158766799927e+09
5.800000000000000000e+01,4.800000000000000000e+01,4.310120862860216547e-09,1.761477807176183462e+09
-8.000000000000000000e+01,1.200000000000000000e+01,1.383978722782442690e-10,-3.026629048432890015e+11
-4.400000000000000000e+01,5.700000000000000000e+01,7.923113374195474202e-10,-6.121555886924841881e+09
8.800000000000000000e+01,2.700000000000000000e+01,1.904250051480637508e-09,1.075411807086146355e+10
-8.000000000000000000e+01,6.700000000000000000e+01,8.071924406987691909e-10,-9.294327394900030136e+09
-7.000000000000000000e+01,6.600000000000000000e+01,5.666594017967633666e-10,-1.176012326906685448e+10
2.100000000000000000e+01,2.100000000000000000e+01,9.903717232502279324e-10,6.344269691544972420e+09
1.700000000000000000e+01,7.500000000000000000e+01,2.422133682982383201e-09,5.879892920995854139e+08
8.300000000000000000e+01,9.800000000000000000e+01,2.288571526460311693e-10,2.325237908817733765e+10
5.800000000000000000e+01,4.700000000000000000e+01,1.984296335496185503e-10,3.907540370832910156e+10
2.100000000000000000e+01,5.300000000000000000e+01,6.891748724135861283e-09,3.612383575330301523e+08
6.200000000000000000e+01,5.300000000000000000e+01,5.758571406927566007e-09,1.276382766374340296e+09
1.500000000000000000e+01,3.000000000000000000e+01,3.274719090947542545e-10,9.593472192085857391e+09
-7.500000000000000000e+01,3.000000000000000000e+01,3.779497064130909953e-09,-4.156098814581561089e+09
7.900000000000000000e+01,3.900000000000000000e+01,2.370606280468318973e-10,5.368870417154862976e+10
7.300000000000000000e+01,1.000000000000000000e+00,1.621913599118836491e-09,2.827971401641248169e+11
2.000000000000000000e+01,2.900000000000000000e+01,8.354960584933995417e-09,5.186417341267423630e+08
9.200000000000000000e+01,4.400000000000000000e+01,1.232386872486433408e-09,1.066026389273539543e+10
-5.900000000000000000e+01,4.800000000000000000e+01,3.097781751216381258e-10,-2.493100728300935745e+10
-2.400000000000000000e+01,8.000000000000000000e+01,1.615746854663978638e-09,-1.166615665512704134e+09
1.000000000000000000e+01,8.000000000000000000e+00,1.490611143455204604e-10,5.268967475829492188e+10
5.600000000000000000e+01,4.100000000000000000e+01,1.675283590775288001e-10,5.122662029479449463e+10
6.100000000000000000e+01,8.700000000000000000e+01,2.275067967939972122e-10,1.936404463156314087e+10
7.500000000000000000e+01,7.900000000000000000e+01,4.030967124806376356e-10,1.479806001282043648e+10
6.600000000000000000e+01,6.000000000000000000e+00,1.188776628368976213e-09,5.813963425055098724e+10
-6.000000000000000000e+00,2.700000000000000000e+01,1.604973876780674378e-10,-8.699602042097711563e+09
2.100000000000000000e+01,2.300000000000000000e+01,5.721146258027138799e-10,1.002739854688334084e+10
-3.200000000000000000e+01,9.700000000000000000e+01,2.933982691086026131e-09,-7.064811277190631628e+08
-1.800000000000000000e+01,2.100000000000000000e+01,2.248199039320823108e-09,-2.395511835011240005e+09
-5.000000000000000000e+01,9.000000000000000000e+01,3.944898747614633532e-10,-8.848537636357231140e+09
1.700000000000000000e+01,2.900000000000000000e+01,2.894717301077587701e-10,1.272402855370371056e+10
-4.700000000000000000e+01,4.600000000000000000e+01,6.405748722496752259e-10,-1.002189840755422974e+10
-9.500000000000000000e+01,6.700000000000000000e+01,4.544582043555850542e-09,-1.960354991258741379e+09
-9.100000000000000000e+01,4.000000000000000000e+00,1.359933988160926312e-09,-1.051098560538518219e+11
-9.400000000000000000e+01,6.900000000000000000e+01,2.080721417893886175e-10,-4.113814395916838074e+10
9.000000000000000000e+01,9.000000000000000000e+01,8.764529927089379340e-09,7.168878832576677799e+08
3.600000000000000000e+01,6.300000000000000000e+01,2.184163709943554092e-10,1.643828980289855766e+10
-6.300000000000000000e+01,9.800000000000000000e+01,1.435083959522175016e-09,-2.814602259201848984e+09
2.800000000000000000e+01,5.000000000000000000e+00,9.878159928256499347e-10,3.561982998428331757e+10
1.900000000000000000e+01,4.800000000000000000e+01,8.071206035070994745e-10,3.081440584325317383e+09
-4.900000000000000000e+01,8.200000000000000000e+01,6.747406342639686156e-10,-5.564488266207290649e+09
3.400000000000000000e+01,1.100000000000000000e+01,2.662368909641202224e-09,7.294539278722676277e+09
1.700000000000000000e+01,4.700000000000000000e+01,1.148707574446254029e-10,1.978433453946521759e+10
-7.400000000000000000e+01,9.000000000000000000e+01,4.379109122467421344e-10,-1.179731868155027962e+10
-4.000000000000000000e+01,8.800000000000000000e+01,1.933452740179513478e-09,-1.477146693112394571e+09
8.300000000000000000e+01,3.900000000000000000e+01,5.678947801883397032e-10,2.354645201663586044e+10
9.300000000000000000e+01,4.000000000000000000e+01,1.982074743520214731e-09,7.370259818379824638e+09
-3.500000000000000000e+01,8.700000000000000000e+01,1.553581045937323359e-09,-1.627026947603637695e+09
-6.900000000000000000e+01,7.900000000000000000e+01,1.073299016089634590e-10,-5.113062914072461700e+10
-8.600000000000000000e+01,2.600000000000000000e+01,9.642641039376236116e-09,-2.155306168040000916e+09
9.000000000000000000e+00,9.500000000000000000e+01,1.529465302502733423e-09,3.891877333799915314e+08
3.200000000000000000e+01,5.900000000000000000e+01,5.967672651388186030e-09,5.710482994330341816e+08
-6.300000000000000000e+01,8.400000000000000000e+01,1.141820164103998584e-10,-4.127085094947998047e+10
-7.400000000000000000e+01,9.700000000000000000e+01,7.417264468914571061e-09,-6.462433533680672646e+08
-1.600000000000000000e+01,8.600000000000000000e+01,2.727278365457081986e-09,-4.286195069481170774e+08
-1.900000000000000000e+01,9.000000000000000000e+01,2.267283565050195916e-09,-5.850394066109342575e+08
-1.000000000000000000e+00,3.100000000000000000e+01,1.660250269971675003e-10,-1.220800265307296276e+09
8.900000000000000000e+01,8.000000000000000000e+00,6.512015713048748822e-10,1.073407061999354706e+11
-3.000000000000000000e+00,1.500000000000000000e+01,7.068033024603424361e-10,-1.777916227982572317e+09
6.900000000000000000e+01,7.500000000000000000e+01,5.627769102939638409e-10,1.027144215917775917e+10
6.700000000000000000e+01,2.000000000000000000e+00,2.635761043673027770e-09,7.985803883693316650e+10
5.100000000000000000e+01,3.800000000000000000e+01,5.685127132418947868e-09,1.483290676487312555e+09
-6.000000000000000000e+01,5.000000000000000000e+01,1.444896476591084346e-09,-5.218243999323782921e+09
1.800000000000000000e+01,2.200000000000000000e+01,2.150225537949995303e-09,2.390813376490104198e+09
-2.900000000000000000e+01,4.300000000000000000e+01,7.092298905844988142e-10,-5.974786347682680130e+09
7.100000000000000000e+01,9.700000000000000000e+01,4.806220155025437812e-10,9.568917769240385056e+09
-6.200000000000000000e+01,5.500000000000000000e+01,1.384650578318661488e-10,-5.115271352997059631e+10
4.000000000000000000e+01,5.100000000000000000e+01,1.926488130483363587e-09,2.558016526674800396e+09
1.200000000000000000e+01,5.300000000000000000e+01,3.927516903577997598e-10,3.622156260568580151e+09
-9.500000000000000000e+01,1.800000000000000000e+01,8.383322310066536247e-10,-3.955622193849430084e+10
-2.400000000000000000e+01,8.800000000000000000e+01,5.393788216079103692e-09,-3.176980489813930392e+08
1.200000000000000000e+01,4.600000000000000000e+01,3.941251646862807016e-09,4.158810363121418357e+08
1.500000000000000000e+01,5.200000000000000000e+01,1.647275753518739071e-09,1.100275589121235371e+09
-1.600000000000000000e+01,6.000000000000000000e+01,8.287443914165543342e-09,-2.021752544292497635e+08
-7.300000000000000000e+01,4.000000000000000000e+00,1.173815954047078069e-09,-9.768833986339605713e+10
-2.900000000000000000e+01,9.900000000000000000e+01,1.544565994306656247e-10,-1.191615661719936943e+10
8.400000000000000000e+01,9.200000000000000000e+01,1.029999995418544693e-10,5.569729507710977173e+10
-3.100000000000000000e+01,6.900000000000000000e+01,3.558594859461593568e-10,-7.932570205046096802e+09
-2.400000000000000000e+01,4.700000000000000000e+01,3.211102343022963278e-09,-9.991693529936608076e+08
9.100000000000000000e+01,8.400000000000000000e+01,2.004562456955505044e-10,3.395645797495335770e+10
7.800000000000000000e+01,9.400000000000000000e+01,3.756106038884796347e-10,1.388061706205006409e+10
4.800000000000000000e+01,2.600000000000000000e+01,3.069185129297077162e-10,3.779415783760025787e+10
-5.800000000000000000e+01,1.900000000000000000e+01,1.230369353433017051e-09,-1.558901790877443504e+10
7.100000000000000000e+01,4.600000000000000000e+01,1.633457417388289606e-10,5.937075449541056824e+10
5.500000000000000000e+01,5.000000000000000000e+01,2.033009459992679314e-09,3.399641749784298897e+09
-7.200000000000000000e+01,1.400000000000000000e+01,7.472259889497366315e-09,-4.324464742231711388e+09
-7.300000000000000000e+01,7.900000000000000000e+01,3.914794349863516671e-10,-1.483087192051678085e+10
-2.900000000000000000e+01,1.000000000000000000e+00,4.317701938728026224e-10,-4.220123957002156372e+11
4.800000000000000000e+01,5.300000000000000000e+01,3.748899042938666260e-09,1.517894163362959862e+09
-9.300000000000000000e+01,6.700000000000000000e+01,1.004755805068631076e-10,-8.680155195829164124e+10
8.700000000000000000e+01,3.400000000000000000e+01,6.950392814507262005e-09,2.313187589931232452e+09
5.600000000000000000e+01,7.400000000000000000e+01,1.195393479862893198e-10,3.977638338556348419e+10
-5.000000000000000000e+00,6.100000000000000000e+01,3.046297040529784329e-10,-1.690626955484006643e+09
-8.300000000000000000e+01,2.900000000000000000e+01,3.721771211489664472e-09,-4.831814921013058662e+09
-5.000000000000000000e+01,9.200000000000000000e+01,2.937322951992203145e-10,-1.162546536175444412e+10
8.600000000000000000e+01,1.400000000000000000e+01,4.259116904768439408e-10,9.062139078852452087e+10
9.700000000000000000e+01,6.800000000000000000e+01,1.652563740725040601e-09,5.423560265936562538e+09
4.500000000000000000e+01,4.000000000000000000e+01,3.637825655173711878e-10,1.943079229353419495e+10
2.700000000000000000e+01,6.500000000000000000e+01,2.879507468177517641e-10,9.063836579888875961e+09
3.100000000000000000e+01,2.100000000000000000e+01,2.850226021790800576e-10,3.254190453559479523e+10
-8.300000000000000000e+01,4.000000000000000000e+00,7.105849194397755289e-10,-1.834771489757548218e+11
4.600000000000000000e+01,4.200000000000000000e+01,6.219835494054484780e-09,1.106393234104251623e+09
-4.500000000000000000e+01,8.600000000000000000e+01,8.407749914790005497e-09,-3.910336624481971860e+08
-5.900000000000000000e+01,5.400000000000000000e+01,6.623373279101318083e-10,-1.036475136645550919e+10
-6.100000000000000000e+01,3.200000000000000000e+01,6.550125859186593771e-09,-1.828563641263902664e+09
-1.000000000000000000e+01,1.900000000000000000e+01,4.660339056517875272e-10,-7.095920694295073509e+09
9.000000000000000000e+00,4.600000000000000000e+01,1.321085832835105166e-09,9.305367099501857758e+08
3.900000000000000000e+01,7.000000000000000000e+00,1.753998866767651832e-09,1.995800499262110138e+10
-7.900000000000000000e+01,5.700000000000000000e+01,3.287749825550040046e-10,-2.648703470511676407e+10
-1.000000000000000000e+01,4.500000000000000000e+01,2.375455887878239106e-10,-5.877875521580862999e+09
-9.300000000000000000e+01,7.000000000000000000e+01,1.894328263585345002e-09,-4.406659943794111252e+09
1.500000000000000000e+01,6.900000000000000000e+01,5.472802290560961247e-09,2.495814350433735549e+08
-9.600000000000000000e+01,8.500000000000000000e+01,9.571085234712523152e-10,-7.414314293241076469e+09
3.100000000000000000e+01,8.900000000000000000e+01,4.030923922802172927e-10,5.429338933872243881e+09
-2.600000000000000000e+01,4.800000000000000000e+01,4.752688838275532174e-10,-7.160982250678609848e+09
7.500000000000000000e+01,6.700000000000000000e+01,5.782865791265879955e-09,1.216251015068817139e+09
-9.000000000000000000e+00,3.100000000000000000e+01,2.150792623434445075e-09,-8.481294538472445011e+08
-3.200000000000000000e+01,3.600000000000000000e+01,1.989224953506311557e-10,-2.807653099533739471e+10
2.600000000000000000e+01,5.100000000000000000e+01,1.963626057215655460e-09,1.631264006592240572e+09
-8.500000000000000000e+01,8.700000000000000000e+01,2.390640612508500849e-09,-2.567823968820574760e+09
-3.900000000000000000e+01,5.600000000000000000e+01,1.567606679995138322e-10,-2.791382445189401245e+10
-5.600000000000000000e+01,9.200000000000000000e+01,5.555512876896412951e-10,-6.884238526722324371e+09
-3.700000000000000000e+01,7.000000000000000000e+01,4.988349197798069196e-10,-6.657738065452418327e+09
-5.800000000000000000e+01,1.300000000000000000e+01,6.847921764698954202e-09,-4.093602975060776234e+09
1.700000000000000000e+01,7.000000000000000000e+01,1.022538396426487367e-10,1.492282771068847084e+10
-6.500000000000000000e+01,5.900000000000000000e+01,2.268196015572745715e-10,-3.051832053753060913e+10
-6.000000000000000000e+00,2.300000000000000000e+01,2.090756615478510586e-09,-7.839706482952352762e+08
4.300000000000000000e+01,2.400000000000000000e+01,1.016450397872797794e-09,1.107518251645390511e+10
6.400000000000000000e+01,4.000000000000000000e+01,7.662529727662313809e-09,1.311981401546136379e+09
-9.000000000000000000e+00,9.200000000000000000e+01,9.515689197329784469e-10,-6.459431571142221689e+08
3.000000000000000000e+00,5.000000000000000000e+00,2.101378529113778392e-10,1.794018132419792557e+10
9.900000000000000000e+01,9.900000000000000000e+01,1.493644812337137140e-10,4.206612747074825287e+10
-6.000000000000000000e+00,9.000000000000000000e+01,3.155177884181295139e-10,-1.327592407954931259e+09
5.100000000000000000e+01,8.300000000000000000e+01,3.215532231011058486e-09,1.200657353215405464e+09
-4.000000000000000000e+00,6.400000000000000000e+01,6.274193347843380141e-10,-6.258957286257460117e+08
-8.000000000000000000e+00,8.200000000000000000e+01,1.796910107351351989e-09,-3.411376484541450143e+08
8.100000000000000000e+01,9.600000000000000000e+01,8.720383321580394873e-10,6.079363036500092506e+09
-7.400000000000000000e+01,9.300000000000000000e+01,5.654785504764082098e-10,-8.841226229708501816e+09
7.400000000000000000e+01,9.100000000000000000e+01,1.745548966042612230e-09,2.927104043486824036e+09
-7.600000000000000000e+01,8.800000000000000000e+01,2.407509653306894779e-09,-2.253942077986045361e+09
4.300000000000000000e+01,9.900000000000000000e+01,6.853024693760306180e-10,3.982271196864944935e+09
-2.100000000000000000e+01,6.400000000000000000e+01,4.345685515222134484e-09,-4.744177119344351292e+08
7.500000000000000000e+01,4.500000000000000000e+01,6.729057026386496782e-09,1.556232243374140024e+09
8.700000000000000000e+01,6.000000000000000000e+01,2.084563724992732375e-10,4.370515799627168274e+10
2.000000000000000000e+00,6.900000000000000000e+01,9.754743364498287414e-10,1.867002610385426581e+08
2.800000000000000000e+01,7.500000000000000000e+01,1.992891620228991884e-10,1.177044697699539375e+10
4.900000000000000000e+01,3.000000000000000000e+01,2.366965434513594203e-10,4.335735474665089417e+10
4.000000000000000000e+00,5.800000000000000000e+01,3.080906393779050430e-09,1.406479357854034901e+08
8.000000000000000000e+01,1.000000000000000000e+00,5.730391995450774136e-10,8.771735423569852295e+11
-6.000000000000000000e+01,5.000000000000000000e+01,6.408719911861835064e-09,-1.176494287831197262e+09
-9.300000000000000000e+01,2.800000000000000000e+01,4.073376746055631898e-09,-5.123304938354813576e+09
-6.000000000000000000e+00,6.200000000000000000e+01,1.234370232524273098e-09,-4.925995256495480537e+08
-1.000000000000000000e+00,2.500000000000000000e+01,1.762584917647146553e-10,-1.425902433243768930e+09
-3.400000000000000000e+01,1.000000000000000000e+01,1.248897335966766635e-09,-1.710535320172951698e+10
-1.700000000000000000e+01,4.600000000000000000e+01,5.515905867054252507e-09,-4.209728737081862092e+08
9.200000000000000000e+01,9.200000000000000000e+01,1.809972913172321032e-09,3.471425048105891705e+09
-5.000000000000000000e+01,9.900000000000000000e+01,1.743754719627282587e-09,-1.819823554883477449e+09
1.700000000000000000e+01,5.800000000000000000e+01,1.988405103763423066e-09,9.261811268764886856e+08
-6.800000000000000000e+01,6.000000000000000000e+01,9.737376439120024581e-10,-7.312999957081243515e+09
-4.500000000000000000e+01,8.800000000000000000e+01,1.712384039920587808e-09,-1.876327045640373945e+09
6.800000000000000000e+01,8.800000000000000000e+01,1.548164692023501909e-09,3.136093124634603977e+09
-1.500000000000000000e+01,2.700000000000000000e+01,3.166266429953447605e-10,-1.102452551360303688e+10
-3.900000000000000000e+01,6.400000000000000000e+01,2.956453719744289612e-09,-1.295070516745218515e+09
9.100000000000000000e+01,1.000000000000000000e+00,9.917414100111283963e-09,5.765311977311973572e+10
9.800000000000000000e+01,2.700000000000000000e+01,4.277048409848602353e-09,5.332096664344240189e+09
5.500000000000000000e+01,1.000000000000000000e+00,5.421550319813192567e-10,6.374102821327028809e+11
4.700000000000000000e+01,4.200000000000000000e+01,3.243371288938956296e-09,2.167862674869547844e+09
5.200000000000000000e+01,1.200000000000000000e+01,4.462332227990267243e-10,6.101548459419396973e+10
-6.500000000000000000e+01,1.400000000000000000e+01,2.152627964210261172e-10,-1.355177590756429443e+11
-6.200000000000000000e+01,5.700000000000000000e+01,1.007327495447261967e-10,-6.784627585329660797e+10
-8.300000000000000000e+01,4.900000000000000000e+01,8.729287820385888401e-10,-1.219222777358518410e+10
1.000000000000000000e+01,2.000000000000000000e+01,5.623859546512404206e-10,5.586186190474883080e+09
5.800000000000000000e+01,6.700000000000000000e+01,1.063248503613471878e-09,5.115620028674738884e+09
-4.200000000000000000e+01,7.900000000000000000e+01,5.068668199564197286e-09,-6.590345826843243837e+08
9.100000000000000000e+01,1.800000000000000000e+01,1.448236539357353506e-09,2.193356646034654617e+10
-6.000000000000000000e+01,2.200000000000000000e+01,1.255559975068481866e-10,-1.364806163698946686e+11
-5.700000000000000000e+01,1.300000000000000000e+01,3.534802321255074350e-09,-7.793745861428318977e+09
8.200000000000000000e+01,1.200000000000000000e+01,2.137240088247400884e-09,2.008903905329070282e+10
-6.200000000000000000e+01,5.000000000000000000e+01,6.514423502655710308e-09,-1.195984537653485060e+09
-9.100000000000000000e+01,9.700000000000000000e+01,5.791726085269266779e-09,-1.017750940365481615e+09
-5.700000000000000000e+01,4.000000000000000000e+00,3.340928784272209922e-09,-2.679955078623848724e+10
8.600000000000000000e+01,1.700000000000000000e+01,6.499001685726671503e-09,4.890832039853571892e+09
5.400000000000000000e+01,1.900000000000000000e+01,2.179013166426431443e-09,8.195211624268248558e+09
-9.700000000000000000e+01,4.800000000000000000e+01,3.987974283677489878e-10,-3.183889715695464325e+10
1.000000000000000000e+00,9.000000000000000000e+01,1.857849674211908686e-09,3.757740523833695799e+07
7.600000000000000000e+01,6.000000000000000000e+00,7.000215501769431416e-10,1.136922340045450745e+11
7.000000000000000000e+01,3.200000000000000000e+01,1.093361255885703220e-10,1.257083858191162262e+11
6.900000000000000000e+01,3.100000000000000000e+01,1.238363674410631110e-09,1.129325309066063881e+10
4.400000000000000000e+01,9.200000000000000000e+01,1.413183490238492415e-09,2.126405869731732130e+09
-8.400000000000000000e+01,6.500000000000000000e+01,1.150891358420104601e-10,-7.055234749359300232e+10
6.900000000000000000e+01,2.900000000000000000e+01,2.883111408621175386e-09,5.185248046654788017e+09
-5.200000000000000000e+01,3.000000000000000000e+00,1.038376897574531682e-10,-1.048834441317383301e+12
9.500000000000000000e+01,7.500000000000000000e+01,4.115994638509836981e-09,1.933603439283275366e+09
-7.400000000000000000e+01,5.600000000000000000e+01,9.927242271417987869e-09,-8.363632474642282724e+08
-1.600000000000000000e+01,9.900000000000000000e+01,2.444703365706163513e-10,-4.153732130916859627e+09
2.500000000000000000e+01,7.300000000000000000e+01,1.795681626139576122e-10,1.198305845984493256e+10
1.000000000000000000e+00,7.100000000000000000e+01,5.695910058243208471e-09,1.553668628925812989e+07
-6.900000000000000000e+01,5.000000000000000000e+01,5.495460537966913605e-09,-1.577810570015603304e+09
3.300000000000000000e+01,5.500000000000000000e+01,5.715543850095886239e-10,6.595892330078976631e+09
-9.000000000000000000e+00,9.000000000000000000e+01,6.642022165044372047e-10,-9.459747575439791679e+08
-1.400000000000000000e+01,8.100000000000000000e+01,1.805965027177379343e-10,-6.013309390507354736e+09
4.500000000000000000e+01,6.000000000000000000e+00,1.413131769098061373e-09,3.334713070241423035e+10
-7.700000000000000000e+01,7.800000000000000000e+01,2.761995205617783374e-09,-2.245706884928452492e+09
6.100000000000000000e+01,4.000000000000000000e+00,2.458915961352452004e-10,3.896781241835796509e+11
6.200000000000000000e+01,8.000000000000000000e+00,4.042297814933633103e-09,1.204628861108326530e+10
7.200000000000000000e+01,6.300000000000000000e+01,3.520739383549572022e-10,2.039566814220043564e+10
-9.600000000000000000e+01,7.000000000000000000e+01,1.699976140908573765e-10,-5.068859287190264130e+10
-8.800000000000000000e+01,6.700000000000000000e+01,2.591867863933542678e-10,-3.184013356094710159e+10
4.700000000000000000e+01,6.500000000000000000e+01,6.700979975999892354e-09,6.779943105798679590e+08
-2.100000000000000000e+01,8.300000000000000000e+01,2.021491248174386126e-09,-7.864103221717700958e+08
4.000000000000000000e+01,8.700000000000000000e+01,1.055445250584649236e-09,2.737063650897044659e+09
4.800000000000000000e+01,7.200000000000000000e+01,6.612035711472406065e-10,6.335099185139771461e+09
5.300000000000000000e+01,7.000000000000000000e+01,7.002038718987479678e-09,6.794119636236304045e+08
-1.000000000000000000e+01,2.000000000000000000e+00,1.705540568768720246e-10,-1.841992334346993103e+11
9.400000000000000000e+01,6.000000000000000000e+00,3.083200248135219888e-10,3.192675204019478149e+11
-9.600000000000000000e+01,5.000000000000000000e+01,7.276877449127426419e-09,-1.657814890263319016e+09
8.300000000000000000e+01,8.300000000000000000e+01,1.078802067658891490e-10,5.824224383268682861e+10
-4.700000000000000000e+01,2.600000000000000000e+01,6.819167442178224124e-09,-1.665608865584007263e+09
-7.500000000000000000e+01,7.600000000000000000e+01,1.193164531072168721e-10,-5.196694717973145294e+10
7.000000000000000000e+00,4.100000000000000000e+01,1.572883641514012181e-09,6.820205427603863478e+08
-1.200000000000000000e+01,8.800000000000000000e+01,1.187923017267847024e-09,-7.212571723748267889e+08
7.800000000000000000e+01,2.600000000000000000e+01,1.580536250302491313e-09,1.192605099562330818e+10
-6.800000000000000000e+01,4.400000000000000000e+01,2.884138416749153643e-09,-3.366820828196908474e+09
9.400000000000000000e+01,7.000000000000000000e+01,6.673232754487849564e-09,1.264367747995432615e+09
7.400000000000000000e+01,5.000000000000000000e+01,1.198566813868601493e-10,7.758528057865321350e+10
9.200000000000000000e+01,6.300000000000000000e+01,3.372181330740831809e-09,2.720922842090679646e+09
-4.200000000000000000e+01,2.100000000000000000e+01,7.242850355568689458e-10,-1.735003485844143677e+10
7.800000000000000000e+01,3.500000000000000000e+01,1.372603890436297608e-09,1.020143346056622314e+10
-6.600000000000000000e+01,7.000000000000000000e+00,5.927840476925176870e-10,-9.993767831354042053e+10
8.000000000000000000e+00,3.400000000000000000e+01,1.404843331289508170e-10,1.052356878477518272e+10
-9.500000000000000000e+01,9.400000000000000000e+01,1.096626277834875079e-10,-5.790512075455329895e+10
-1.100000000000000000e+01,3.800000000000000000e+01,1.697276806812907647e-09,-1.071608821935202479e+09
-5.000000000000000000e+01,3.700000000000000000e+01,5.379520279923047859e-10,-1.578354669901820374e+10
1.600000000000000000e+01,4.300000000000000000e+01,1.761692409979605372e-09,1.327092858765298367e+09
-7.400000000000000000e+01,8.000000000000000000e+01,1.157643078223212700e-10,-5.020499425489138794e+10
1.900000000000000000e+01,1.700000000000000000e+01,1.414440323289677347e-09,4.964778975107240677e+09
-5.700000000000000000e+01,5.900000000000000000e+01,1.565245814110903696e-09,-3.878110338969878197e+09
-9.100000000000000000e+01,5.700000000000000000e+01,6.003958568504127465e-09,-1.670739415137375355e+09
6.300000000000000000e+01,5.800000000000000000e+01,1.154306385224175710e-09,5.912502348018711090e+09
-3.200000000000000000e+01,5.600000000000000000e+01,1.193745682481733047e-09,-3.007668766297348976e+09
-4.100000000000000000e+01,7.100000000000000000e+01,4.433609276696717042e-10,-8.183667187470882416e+09
-4.000000000000000000e+01,5.600000000000000000e+01,2.492941540056791854e-09,-1.800278680031154871e+09
8.100000000000000000e+01,1.700000000000000000e+01,8.809501907600341451e-09,3.398322664213709354e+09
9.500000000000000000e+01,1.900000000000000000e+01,6.340448449740251103e-09,4.954842987042178154e+09
-1.600000000000000000e+01,2.200000000000000000e+01,1.811238286526324527e-10,-2.522908966923503494e+10
8.200000000000000000e+01,2.600000000000000000e+01,6.913898383719092646e-09,2.866139870035458088e+09
-1.500000000000000000e+01,2.000000000000000000e+00,8.783037549163470534e-10,-5.365329425050123596e+10
-4.800000000000000000e+01,6.200000000000000000e+01,2.329160861444516210e-10,-2.088478133331758881e+10
-4.600000000000000000e+01,6.300000000000000000e+01,5.691224069628244615e-09,-8.061047235383075476e+08
-1.400000000000000000e+01,3.600000000000000000e+01,3.322265625722001906e-10,-7.354803101455932617e+09
-6.000000000000000000e+01,4.400000000000000000e+01,3.852406103197722396e-10,-2.224059389072163010e+10
7.200000000000000000e+01,6.700000000000000000e+01,2.774624915762096341e-10,2.433510812481816483e+10
-2.100000000000000000e+01,2.300000000000000000e+01,2.490621234655192707e-09,-2.303369652358664989e+09
-1.900000000000000000e+01,2.300000000000000000e+01,9.106780756432722742e-09,-5.699552417580415010e+08
-1.700000000000000000e+01,8.300000000000000000e+01,3.521988555644281910e-10,-3.653951318190577030e+09
5.400000000000000000e+01,2.100000000000000000e+01,8.249511306595308702e-09,1.958511433949403286e+09
4.300000000000000000e+01,5.000000000000000000e+00,2.483661560001457083e-10,2.175634334080233459e+11
-2.800000000000000000e+01,9.300000000000000000e+01,5.620866349832846571e-09,-3.365516252567824125e+08
6.700000000000000000e+01,7.000000000000000000e+00,8.198031967355396831e-09,7.335792249675644875e+09
-2.300000000000000000e+01,7.100000000000000000e+01,9.736631681187764098e-10,-2.090453992614273310e+09
-9.000000000000000000e+00,3.900000000000000000e+01,2.350114760408269851e-09,-6.169766109066406488e+08
-5.800000000000000000e+01,1.900000000000000000e+01,4.311543073497534292e-09,-4.448581298647553444e+09
7.900000000000000000e+01,5.600000000000000000e+01,3.075905162820084971e-10,2.881681587510896683e+10
-1.900000000000000000e+01,3.500000000000000000e+01,3.471141909874839816e-09,-9.826368706488511562e+08
7.600000000000000000e+01,8.600000000000000000e+01,8.888326915781976498e-10,6.247050110887804031e+09
5.800000000000000000e+01,5.700000000000000000e+01,2.145978212297119185e-09,2.979255144214381695e+09
3.000000000000000000e+00,8.600000000000000000e+01,7.648893415775798691e-09,2.865524081647299230e+07
4.700000000000000000e+01,6.200000000000000000e+01,9.935348570317169236e-09,4.794054074626277685e+08
1.200000000000000000e+01,7.800000000000000000e+01,4.485334453123157333e-10,2.155121103040969372e+09
-7.800000000000000000e+01,6.100000000000000000e+01,7.757648221349703076e-10,-1.035653682781485558e+10
-7.700000000000000000e+01,4.300000000000000000e+01,2.852052281660649155e-09,-3.944978635158962250e+09
-1.800000000000000000e+01,1.500000000000000000e+01,1.432610809799968049e-09,-5.262994190074742317e+09
9.800000000000000000e+01,1.700000000000000000e+01,3.311420941705047313e-09,1.093811869220157814e+10
3.300000000000000000e+01,4.400000000000000000e+01,1.528345502171453605e-10,3.083327018458449554e+10
-2.600000000000000000e+01,7.900000000000000000e+01,4.079701810533996353e-10,-5.068713028593841553e+09
-2.700000000000000000e+01,5.900000000000000000e+01,1.108569945631521111e-10,-2.593752427947454834e+10
1.000000000000000000e+01,8.400000000000000000e+01,1.371941703186975779e-09,5.452113957299622297e+08
6.800000000000000000e+01,5.400000000000000000e+01,5.430192589895351519e-10,1.457067893030311012e+10
-3.100000000000000000e+01,7.700000000000000000e+01,3.705320622208344815e-09,-6.826923612351377010e+08
5.600000000000000000e+01,4.900000000000000000e+01,6.678735519867613605e-10,1.075171068961206436e+10
5.300000000000000000e+01,7.700000000000000000e+01,3.463949386552798404e-10,1.248514168119487190e+10
-2.700000000000000000e+01,8.800000000000000000e+01,5.891082883884887762e-10,-3.272395805615055084e+09
5.700000000000000000e+01,9.500000000000000000e+01,1.890996506552281065e-10,1.993610866675349426e+10
-8.300000000000000000e+01,4.600000000000000000e+01,5.595290827939288156e-09,-2.026177387116508722e+09
4.600000000000000000e+01,1.100000000000000000e+01,1.341402382656904741e-09,1.958781264817309952e+10
-1.900000000000000000e+01,9.100000000000000000e+01,2.482920718779148258e-09,-5.283591398722696304e+08
-3.000000000000000000e+01,8.700000000000000000e+01,1.603064842338980874e-09,-1.351545842652337313e+09
-7.300000000000000000e+01,5.200000000000000000e+01,7.607082880259169092e-09,-1.159527990719908237e+09
2.000000000000000000e+01,8.200000000000000000e+01,2.107227226623203933e-10,7.272515284073535919e+09
3.700000000000000000e+01,1.500000000000000000e+01,4.193229234966702267e-10,3.696083111428730774e+10
-4.400000000000000000e+01,5.100000000000000000e+01,3.801171738816029105e-10,-1.426083243881438446e+10
1.000000000000000000e+00,3.000000000000000000e+00,2.152457743941696867e-09,9.730249563728141785e+08
2.200000000000000000e+01,8.300000000000000000e+01,1.006801400260915419e-09,1.654171926171316385e+09
4.400000000000000000e+01,8.300000000000000000e+01,2.394841091264043304e-09,1.390841853863911152e+09
-8.500000000000000000e+01,1.300000000000000000e+01,2.203411331719958844e-10,-1.864489161810379028e+11
-2.200000000000000000e+01,9.400000000000000000e+01,5.496260984907935569e-09,-2.675514746307474673e+08
3.100000000000000000e+01,4.500000000000000000e+01,2.514196078727238879e-09,1.721590683228298903e+09
-4.100000000000000000e+01,3.100000000000000000e+01,1.793169687364604416e-09,-4.634262633253984451e+09
2.700000000000000000e+01,3.000000000000000000e+00,7.828902726416552758e-09,7.223064296584988594e+09
-7.200000000000000000e+01,1.200000000000000000e+01,1.538715289895038788e-09,-2.450038164347422028e+10
-1.500000000000000000e+01,4.000000000000000000e+00,2.679002714310219309e-10,-8.795043310730686951e+10
-9.800000000000000000e+01,6.000000000000000000e+01,3.244835061609179536e-10,-3.162729632438468552e+10
5.900000000000000000e+01,3.500000000000000000e+01,1.404081805516078140e-10,7.543474454616772461e+10
-6.100000000000000000e+01,1.200000000000000000e+01,1.036287976586510620e-09,-3.082109030802779007e+10
-5.900000000000000000e+01,8.000000000000000000e+00,1.360898419838796476e-09,-3.404992684607453156e+10
-8.000000000000000000e+00,2.800000000000000000e+01,2.217121910578774211e-10,-8.096964778913212776e+09
2.600000000000000000e+01,3.200000000000000000e+01,1.478399468592203840e-09,3.453118166326656342e+09
7.800000000000000000e+01,5.800000000000000000e+01,7.392418556295128960e-10,1.143036053220958519e+10
-4.400000000000000000e+01,7.800000000000000000e+01,2.559031103454031554e-09,-1.385040196552354813e+09
3.800000000000000000e+01,6.900000000000000000e+01,3.327714717024288278e-09,1.039844231261007309e+09
6.800000000000000000e+01,4.300000000000000000e+01,2.862773261245952042e-09,3.470830245330572128e+09
3.200000000000000000e+01,8.400000000000000000e+01,7.086408538738703676e-09,3.377725669710134268e+08
4.000000000000000000e+00,4.600000000000000000e+01,2.374319746945447455e-09,2.301138843905255795e+08
4.800000000000000000e+01,3.300000000000000000e+01,5.655859663568076333e-10,1.615877898720577049e+10
8.200000000000000000e+01,3.500000000000000000e+01,1.326067328227462633e-09,1.110094884586108398e+10
-5.100000000000000000e+01,3.000000000000000000e+00,1.550282124620243864e-09,-6.889981412139295959e+10
9.500000000000000000e+01,5.900000000000000000e+01,4.621811702237475075e-09,2.188966998877000809e+09
-4.700000000000000000e+01,9.200000000000000000e+01,3.886123493725795862e-09,-8.259871697956972122e+08
6.900000000000000000e+01,7.700000000000000000e+01,1.011997362217777770e-09,5.563637855110086441e+09
6.800000000000000000e+01,9.400000000000000000e+01,1.393448852780832975e-09,3.261894384642596245e+09
-9.800000000000000000e+01,9.500000000000000000e+01,2.402381426877629856e-09,-2.697990257827280521e+09
-3.400000000000000000e+01,8.700000000000000000e+01,1.416856649457670946e-10,-1.733060085643794632e+10
2.500000000000000000e+01,5.500000000000000000e+01,5.571833187407022173e-09,5.125769608286437988e+08
-3.000000000000000000e+01,5.900000000000000000e+01,6.016741475983128252e-09,-5.309917335578144193e+08
-8.700000000000000000e+01,5.200000000000000000e+01,3.038416506857072981e-09,-3.459779894275254726e+09
-2.200000000000000000e+01,7.500000000000000000e+01,3.736950021197928847e-09,-4.932010542424091697e+08
-1.300000000000000000e+01,3.500000000000000000e+01,2.663521519676938479e-09,-8.761913599818662405e+08
4.500000000000000000e+01,3.400000000000000000e+01,1.006312898772036816e-10,8.263811945337973022e+10
-5.000000000000000000e+01,4.700000000000000000e+01,5.493033867656888158e-10,-1.216857541666706467e+10
1.000000000000000000e+01,7.500000000000000000e+01,1.728207544414295426e-09,4.847554587207879424e+08
4.500000000000000000e+01,3.900000000000000000e+01,2.868194048862114474e-09,2.527663427608052254e+09
-6.700000000000000000e+01,6.700000000000000000e+01,3.438558621613024754e-09,-1.827272993889558792e+09
-9.800000000000000000e+01,9.300000000000000000e+01,3.258558059275349155e-10,-2.031877550872397232e+10
-1.200000000000000000e+01,8.700000000000000000e+01,3.458990766673800963e-10,-2.505488761681561947e+09
-2.200000000000000000e+01,7.600000000000000000e+01,2.942168635182354762e-10,-6.181891743720503807e+09
-1.500000000000000000e+01,4.000000000000000000e+01,1.457428507547486031e-10,-1.616679293694668579e+10
-4.300000000000000000e+01,1.200000000000000000e+01,1.432520968714947322e-09,-1.571687105629166222e+10
8.000000000000000000e+01,7.300000000000000000e+01,1.558266377873828437e-10,4.418809663217614746e+10
-2.800000000000000000e+01,3.400000000000000000e+01,1.972462965833487352e-09,-2.623313080985401154e+09
2.500000000000000000e+01,2.600000000000000000e+01,8.451873631154089766e-09,7.148147969885778427e+08
4.800000000000000000e+01,7.600000000000000000e+01,1.495413520102470745e-10,2.653665697871508789e+10
-8.200000000000000000e+01,6.600000000000000000e+01,1.204852848487629404e-09,-6.479116312902901649e+09
-9.600000000000000000e+01,9.500000000000000000e+01,4.271162595850545615e-09,-1.486556401775745392e+09
5.000000000000000000e+01,4.300000000000000000e+01,6.140423445029993694e-09,1.189825016524950981e+09
-2.900000000000000000e+01,8.000000000000000000e+00,5.555683425624384718e-09,-4.099684052095934868e+09
7.800000000000000000e+01,5.500000000000000000e+01,5.934857727837352767e-10,1.501417484889948273e+10
5.100000000000000000e+01,7.400000000000000000e+01,3.199553181721780043e-10,1.353408785988752747e+10
-7.000000000000000000e+00,9.000000000000000000e+01,1.145578991308395764e-10,-4.265896933045744419e+09
-1.700000000000000000e+01,7.700000000000000000e+01,6.539644643355867363e-10,-2.121211215260632038e+09
-6.000000000000000000e+01,3.500000000000000000e+01,8.219681231490922528e-09,-1.310412716619928837e+09
-5.300000000000000000e+01,9.400000000000000000e+01,3.351484673189686622e-09,-1.057038113060355425e+09
1.200000000000000000e+01,3.800000000000000000e+01,2.962429407192198621e-10,6.697758861012670517e+09
-8.800000000000000000e+01,4.800000000000000000e+01,1.086219988790949550e-09,-1.060482515699636650e+10
7.800000000000000000e+01,3.100000000000000000e+01,1.714294846527496799e-09,9.222045436626869202e+09
2.900000000000000000e+01,7.000000000000000000e+00,8.011088558485007632e-09,3.249288650313790321e+09
-8.000000000000000000e+01,2.100000000000000000e+01,1.647799066148630762e-09,-1.452600897711140823e+10
-6.100000000000000000e+01,5.000000000000000000e+01,5.872560165940652676e-10,-1.305305668763847542e+10
5.000000000000000000e+00,8.800000000000000000e+01,3.678670203479681075e-10,9.704571093189331293e+08
7.800000000000000000e+01,1.700000000000000000e+01,5.609498843868821661e-10,5.139270617266030884e+10
-8.300000000000000000e+01,8.700000000000000000e+01,9.627237628606378438e-10,-6.226399986512637138e+09
-2.100000000000000000e+01,2.700000000000000000e+01,5.742541688669739083e-09,-8.510032961930798292e+08
2.000000000000000000e+00,7.600000000000000000e+01,1.120648784132116226e-10,1.475457646580471039e+09
8.300000000000000000e+01,6.500000000000000000e+01,1.554366367532875652e-10,5.161681623397536469e+10
1.600000000000000000e+01,8.800000000000000000e+01,4.054887481570249145e-09,2.817334226338914037e+08
6.000000000000000000e+00,2.800000000000000000e+01,5.767190470999749969e-09,2.334580170897465050e+08
1.000000000000000000e+01,5.900000000000000000e+01,1.809243348678306501e-09,5.886143856832724810e+08
4.400000000000000000e+01,1.400000000000000000e+01,1.522686858257168617e-09,1.296862432054252815e+10
2.300000000000000000e+01,7.800000000000000000e+01,7.118747331154701274e-10,2.602612570517529964e+09
5.600000000000000000e+01,3.000000000000000000e+01,2.240756089248913623e-10,5.234220997847760773e+10
-2.000000000000000000e+01,3.300000000000000000e+01,1.151191783447593953e-10,-3.307868549805113983e+10
-9.700000000000000000e+01,2.700000000000000000e+01,7.306162231847823814e-10,-3.089573469100344086e+10
7.600000000000000000e+01,3.000000000000000000e+00,6.928530717954317785e-10,2.297370600802932739e+11
-8.100000000000000000e+01,7.500000000000000000e+01,1.749114702518039394e-10,-3.879585553757569122e+10
3.000000000000000000e+00,3.300000000000000000e+01,3.433270712948896437e-10,1.663715774391821146e+09
-5.500000000000000000e+01,9.600000000000000000e+01,8.469103409430764636e-10,-4.250439991357072353e+09
2.000000000000000000e+01,2.700000000000000000e+01,1.683564353553348364e-09,2.764498623903694630e+09
-8.500000000000000000e+01,6.600000000000000000e+01,5.463610996554446392e-10,-1.481068304923493958e+10
-5.000000000000000000e+01,8.400000000000000000e+01,7.314974574980372070e-10,-5.112787769714973450e+09
4.000000000000000000e+00,4.000000000000000000e+01,1.039174314754756024e-10,6.046324681016015053e+09
-4.000000000000000000e+00,8.000000000000000000e+01,2.769355912712119072e-09,-1.134412748888289630e+08
4.700000000000000000e+01,5.300000000000000000e+01,4.390729705408872093e-10,1.269010320374873924e+10
3.100000000000000000e+01,6.800000000000000000e+01,1.274571541995109654e-10,2.247338189678056335e+10
8.100000000000000000e+01,1.200000000000000000e+01,6.574516812949574292e-10,6.450892442761100769e+10
-7.600000000000000000e+01,7.200000000000000000e+01,3.625834730754885914e-10,-1.829165323317877960e+10
-4.700000000000000000e+01,8.900000000000000000e+01,8.854573372635097039e-09,-3.747313939649626613e+08
-7.100000000000000000e+01,7.100000000000000000e+01,3.195093103826421121e-10,-1.966510866195068741e+10
-5.500000000000000000e+01,1.000000000000000000e+01,4.811673390929947667e-09,-7.182016812410625458e+09
6.500000000000000000e+01,6.500000000000000000e+01,6.738637680087703284e-10,9.324118027217943192e+09
2.600000000000000000e+01,3.000000000000000000e+01,4.882063754539675510e-09,1.115394542145988703e+09
1.100000000000000000e+01,7.000000000000000000e+01,5.933490696163112561e-10,1.664041862856032848e+09
7.100000000000000000e+01,8.500000000000000000e+01,1.747891508609164203e-09,3.002650737373128891e+09
1.200000000000000000e+01,7.100000000000000000e+01,9.676052429517890775e-10,1.097500060294700623e+09
9.500000000000000000e+01,8.500000000000000000e+01,1.535034635269678707e-10,4.574739499202745056e+10
3.000000000000000000e+00,9.000000000000000000e+01,1.976872145253108954e-10,1.059448941815627337e+09
8.200000000000000000e+01,8.300000000000000000e+01,1.380948380906782161e-09,4.495087843403802872e+09
-2.600000000000000000e+01,3.300000000000000000e+01,8.090657376606176556e-10,-6.118647958263958931e+09
-7.000000000000000000e+01,2.500000000000000000e+01,1.271382296463706584e-10,-1.383763082830141907e+11
-6.400000000000000000e+01,6.100000000000000000e+01,1.798098340913291069e-10,-3.666203494353442383e+10
3.200000000000000000e+01,6.800000000000000000e+01,3.747530488881716429e-09,7.889977398459787369e+08
-3.600000000000000000e+01,9.500000000000000000e+01,4.853838472853057881e-09,-4.905388901534647346e+08
9.600000000000000000e+01,8.700000000000000000e+01,5.354604611282944265e-10,1.294805218581402588e+10
-3.000000000000000000e+01,1.400000000000000000e+01,1.405237855665130510e-10,-9.581273704736647034e+10
5.800000000000000000e+01,3.900000000000000000e+01,1.512239633208179213e-09,6.179063223704488754e+09
5.700000000000000000e+01,9.500000000000000000e+01,4.113297577722493248e-09,9.165179793277021646e+08
-6.400000000000000000e+01,2.500000000000000000e+01,1.111118471806424312e-09,-1.447636304725389671e+10
-7.400000000000000000e+01,8.200000000000000000e+01,6.025238027256291624e-10,-9.410734634920791626e+09
2.100000000000000000e+01,3.300000000000000000e+01,2.466083996597318064e-10,1.621352174354287529e+10
-1.000000000000000000e+01,6.200000000000000000e+01,1.675157570114999988e-09,-6.049681552997992039e+08
4.000000000000000000e+00,8.100000000000000000e+01,7.006382231764834672e-10,4.428544513363590240e+08
9.800000000000000000e+01,7.000000000000000000e+01,1.091642687088304966e-09,8.058002434398994446e+09
-5.400000000000000000e+01,1.100000000000000000e+01,7.066098601729649756e-09,-4.365170882848798752e+09
-5.800000000000000000e+01,2.000000000000000000e+01,5.291785389847606781e-09,-3.443306190341467381e+09
4.300000000000000000e+01,9.800000000000000000e+01,1.516363196541944576e-10,1.818105217240579987e+10
-8.100000000000000000e+01,1.200000000000000000e+01,2.853923431128472860e-10,-1.486077039098846130e+11
-4.600000000000000000e+01,5.000000000000000000e+01,3.244261501940912601e-10,-1.781770821848657227e+10
-6.800000000000000000e+01,9.800000000000000000e+01,1.051422373330739398e-09,-4.146536486323902607e+09
-9.900000000000000000e+01,1.800000000000000000e+01,1.252889193491205641e-09,-2.758226295590623856e+10
7.800000000000000000e+01,2.900000000000000000e+01,1.083370668217994301e-09,1.559909489564416313e+10
-9.400000000000000000e+01,4.500000000000000000e+01,1.273369959013418009e-10,-1.030719774885081635e+11
-6.600000000000000000e+01,5.100000000000000000e+01,1.928848939225897806e-10,-4.215561322819345856e+10
2.400000000000000000e+01,3.900000000000000000e+01,1.949983583099403719e-09,1.982875962218739748e+09
7.500000000000000000e+01,5.800000000000000000e+01,8.059644384501826430e-09,1.008085245360655665e+09
7.000000000000000000e+01,7.000000000000000000e+01,1.015823469427034906e-10,6.185312208550914764e+10
-4.000000000000000000e+00,2.000000000000000000e+01,8.993008831257717066e-09,-1.397348857334737480e+08
-5.200000000000000000e+01,7.400000000000000000e+01,4.013326106813648660e-09,-1.100137686155395031e+09
-5.400000000000000000e+01,7.400000000000000000e+01,1.328905236830271611e-09,-3.450228796589180470e+09
8.200000000000000000e+01,7.700000000000000000e+01,1.718415959676501182e-09,3.893809479260179520e+09
-9.900000000000000000e+01,8.400000000000000000e+01,3.544606797418712214e-10,-2.089140800851121140e+10
9.700000000000000000e+01,9.200000000000000000e+01,2.072521144244810806e-09,3.196427109041731834e+09
6.800000000000000000e+01,4.400000000000000000e+01,9.064964934272277366e-09,1.071198549947114825e+09
7.800000000000000000e+01,9.400000000000000000e+01,1.506925711417236258e-09,3.459830114729386806e+09
-1.300000000000000000e+01,1.800000000000000000e+01,3.393734968064457789e-09,-1.337127412095271349e+09
-7.100000000000000000e+01,4.100000000000000000e+01,2.587431348724714292e-10,-4.205189048332565308e+10
1.400000000000000000e+01,9.900000000000000000e+01,1.546558405243073083e-10,5.745216297997481346e+09
-1.500000000000000000e+01,3.700000000000000000e+01,2.281826821479679206e-10,-1.116314902917408371e+10
-5.800000000000000000e+01,3.200000000000000000e+01,2.573142007615540761e-09,-4.425823889842829704e+09
-3.300000000000000000e+01,7.900000000000000000e+01,8.553134370217180448e-09,-3.068608064586456418e+08
-4.000000000000000000e+00,3.500000000000000000e+01,2.913463276418910258e-09,-2.464689795929577053e+08
6.000000000000000000e+01,3.000000000000000000e+01,1.572545515030639484e-09,7.991101366699918747e+09
1.000000000000000000e+01,7.900000000000000000e+01,6.628664288366344990e-10,1.199849438290421486e+09
6.100000000000000000e+01,7.000000000000000000e+01,3.033012105325191399e-09,1.805250690112047672e+09
7.300000000000000000e+01,6.200000000000000000e+01,9.896400331378863232e-09,7.475388770656869411e+08
5.100000000000000000e+01,2.000000000000000000e+00,9.315734964519998399e-10,1.719898923094094238e+11
5.300000000000000000e+01,7.200000000000000000e+01,5.023665475102468330e-09,9.206668996387809515e+08
-5.900000000000000000e+01,9.700000000000000000e+01,2.322321831176753741e-09,-1.645651010987952709e+09
3.000000000000000000e+00,1.000000000000000000e+00,1.080636414467314279e-10,1.744301382887453613e+11
-3.100000000000000000e+01,7.400000000000000000e+01,6.969829518236419132e-09,-3.776484330590801835e+08
-4.000000000000000000e+01,6.300000000000000000e+01,1.511264038156680910e-10,-2.639726681662012100e+10
6.100000000000000000e+01,1.100000000000000000e+01,5.986177567865111599e-10,5.820595551437772369e+10
-8.200000000000000000e+01,3.500000000000000000e+01,2.044843928972472856e-10,-7.198889542742657471e+10
2.500000000000000000e+01,9.000000000000000000e+00,8.533476904862336208e-10,2.045273305889945984e+10
-2.300000000000000000e+01,2.000000000000000000e+00,1.101047335233076704e-10,-6.562536297975736084e+11
-1.300000000000000000e+01,9.100000000000000000e+01,4.022860998260561296e-10,-2.231242644013218880e+09
9.000000000000000000e+01,6.700000000000000000e+01,1.630371338363870041e-09,5.176795903950659752e+09
-2.100000000000000000e+01,8.600000000000000000e+01,2.598108900408626702e-09,-5.905318978041392565e+08
1.200000000000000000e+01,1.200000000000000000e+01,9.105450938924362740e-10,6.900465830110579491e+09
1.700000000000000000e+01,4.600000000000000000e+01,1.260187875323872708e-10,1.842619493034639359e+10
-9.000000000000000000e+01,4.000000000000000000e+00,4.018481946718973484e-10,-3.518036693606858521e+11
8.500000000000000000e+01,2.100000000000000000e+01,2.318395090404671669e-09,1.096963180879628754e+10
9.200000000000000000e+01,5.300000000000000000e+01,1.316741739364948774e-10,8.283067941018218994e+10
2.900000000000000000e+01,1.100000000000000000e+01,4.442407047085547457e-10,3.728780611234150696e+10
-8.700000000000000000e+01,6.900000000000000000e+01,2.509096378428402594e-10,-3.157422406948760605e+10
8.400000000000000000e+01,3.700000000000000000e+01,1.931281918757931903e-09,7.386041709882914543e+09
-8.400000000000000000e+01,2.900000000000000000e+01,1.150897137166726392e-09,-1.581337779620581436e+10
-4.000000000000000000e+01,4.000000000000000000e+01,2.848590737509938586e-09,-2.205717102300190926e+09
6.900000000000000000e+01,1.800000000000000000e+01,5.037346051972222088e-10,4.781395486635620880e+10
-2.000000000000000000e+00,1.000000000000000000e+01,1.146776425551154104e-10,-1.095799524159177589e+10
-4.200000000000000000e+01,3.100000000000000000e+01,9.080235636998032808e-10,-9.374979917434883118e+09
1.600000000000000000e+01,7.000000000000000000e+00,6.135295391073208155e-09,2.340810914712666512e+09
-6.000000000000000000e+01,1.900000000000000000e+01,1.698503158267758781e-09,-1.168183745526962852e+10
2.100000000000000000e+01,4.000000000000000000e+00,5.872312880569951398e-10,5.617330604409352112e+10
6.900000000000000000e+01,9.500000000000000000e+01,8.829888105241880984e-09,5.168329023427168727e+08
-1.300000000000000000e+01,4.900000000000000000e+01,1.494546413962194831e-10,-1.115366853048689270e+10
2.200000000000000000e+01,5.600000000000000000e+01,7.333875703704640234e-10,3.365743199838613033e+09
-4.400000000000000000e+01,2.900000000000000000e+01,5.533344830724107344e-09,-1.722847397652627468e+09
4.200000000000000000e+01,7.600000000000000000e+01,2.659517157919625041e-10,1.305607902090661812e+10
-6.500000000000000000e+01,6.700000000000000000e+01,2.524607011424063130e-10,-2.414485703807673264e+10
4.800000000000000000e+01,5.800000000000000000e+01,3.751001243769679305e-09,1.386263868676068306e+09
9.700000000000000000e+01,6.200000000000000000e+01,1.700469141455357976e-10,5.780842777521836853e+10
6.000000000000000000e+00,7.300000000000000000e+01,5.239942754031625417e-10,9.855569304337518215e+08
-6.300000000000000000e+01,9.300000000000000000e+01,4.355489236238005473e-09,-9.772384010752419233e+08
2.500000000000000000e+01,1.900000000000000000e+01,1.137247425979332249e-10,7.269613366040222168e+10
-4.000000000000000000e+00,6.200000000000000000e+01,1.549423281693447156e-10,-2.616243080900006294e+09
5.500000000000000000e+01,4.700000000000000000e+01,4.946488836887266156e-09,1.486440968492048502e+09
9.000000000000000000e+00,8.700000000000000000e+01,5.602589171728107489e-10,1.160150542948209524e+09
5.600000000000000000e+01,6.000000000000000000e+01,9.306924800128875807e-10,6.301013936010036469e+09
8.000000000000000000e+00,4.700000000000000000e+01,3.072269844029773610e-09,3.481069061158493161e+08
1.700000000000000000e+01,7.000000000000000000e+00,1.166083989748979387e-09,1.308581924765209198e+10
9.000000000000000000e+00,8.600000000000000000e+01,2.777456557876410979e-10,2.367427301647932529e+09
3.100000000000000000e+01,2.400000000000000000e+01,6.365340751548518187e-09,1.274995532611396790e+09
-6.000000000000000000e+00,5.100000000000000000e+01,1.728024551621542987e-10,-4.277706996345878601e+09
-8.100000000000000000e+01,5.800000000000000000e+01,3.890415256145443678e-09,-2.255490145932051659e+09
-8.500000000000000000e+01,6.200000000000000000e+01,4.218407819544169636e-09,-2.042013181569775105e+09
6.300000000000000000e+01,7.600000000000000000e+01,3.137848006427598325e-09,1.659873236377078295e+09
8.400000000000000000e+01,2.500000000000000000e+01,2.926623158814735367e-09,7.213604720012344360e+09
-2.700000000000000000e+01,2.900000000000000000e+01,1.621865688391997219e-09,-3.606872150027645588e+09
-9.700000000000000000e+01,7.600000000000000000e+01,1.932551093992357455e-09,-4.149607552768837929e+09
-2.300000000000000000e+01,9.100000000000000000e+01,4.963982177964857189e-09,-3.199161012182800770e+08
-8.200000000000000000e+01,3.500000000000000000e+01,1.494640563324472055e-10,-9.848926851067295837e+10
-7.700000000000000000e+01,1.000000000000000000e+01,4.513938434903793502e-09,-1.071802984533039093e+10
7.500000000000000000e+01,4.800000000000000000e+01,4.655426772717977876e-10,2.108824286529667664e+10
9.900000000000000000e+01,9.400000000000000000e+01,4.684712171429514506e-10,1.412551518524727058e+10
-8.000000000000000000e+01,7.600000000000000000e+01,4.528633497115982148e-10,-1.460458055377486610e+10
1.300000000000000000e+01,4.000000000000000000e+01,5.907031341058000186e-10,3.456956814567399502e+09
-1.000000000000000000e+01,8.900000000000000000e+01,4.131875384273306551e-09,-1.708608831472183764e+08
2.000000000000000000e+01,6.000000000000000000e+01,3.044778706708668347e-10,6.878644736244840622e+09
-8.100000000000000000e+01,7.600000000000000000e+01,3.296914231869357115e-10,-2.031157710099827576e+10
-1.900000000000000000e+01,5.600000000000000000e+01,7.970569504063187639e-10,-2.674583056893485069e+09
6.300000000000000000e+01,9.500000000000000000e+01,1.673637224462633868e-09,2.489633882210356712e+09
-9.000000000000000000e+00,3.600000000000000000e+01,6.713953541700927578e-10,-2.339599636843700409e+09
-3.700000000000000000e+01,6.500000000000000000e+01,5.296413057281200116e-10,-6.752838887269990921e+09
-4.300000000000000000e+01,7.000000000000000000e+00,3.913228827787716721e-09,-9.863136413089143753e+09
-6.700000000000000000e+01,6.600000000000000000e+01,2.304762558698766562e-10,-2.767480346505729675e+10
3.300000000000000000e+01,7.600000000000000000e+01,7.011288117633813039e-09,3.891189683545356393e+08
7.100000000000000000e+01,9.100000000000000000e+01,8.588113689311707281e-10,5.708198140819791794e+09
-1.600000000000000000e+01,8.600000000000000000e+01,9.824843355711949301e-09,-1.189804932241358012e+08
6.500000000000000000e+01,3.100000000000000000e+01,2.367058128566994412e-09,5.565736069756885529e+09
